,Solar8000/ART_DBP,Solar8000/ART_MBP,Solar8000/ART_SBP,Solar8000/HR,Solar8000/PLETH_SPO2,Primus/ETCO2,Orchestra/PPF20_RATE,BIS/BIS
13,0.06402664692820133,0.04811250925240563,0.06402664692820133,0.07772020725388601,0.04311621021465581,0.11917098445595854,0.045248450078652726,0.0024983806791894145
14,0.9299610894941635,0.9299610894941635,0.9299610894941635,0.14640077821011674,0.08852140077821012,0.10034013605442177,0.21162734127949404,0.00024324981756263683
17,0.03652430044182622,0.02464408443789887,0.03652430044182622,0.029847815414825726,0.029553264604810996,0.03333333333333333,0.02538170749668614,0.00029456527075457804
29,0.03992146596858639,0.03178758414360509,0.039640987284966345,0.030759162303664923,0.022905759162303665,0.07624345549738219,0.027067458276845403,0.0022906829975223226
46,0.07463249151903506,0.05880135695439125,0.07463249151903506,0.06275914059555221,0.05767056162834527,0.04947229551451187,0.12364527377250023,0.0020733201394779
50,0.08408408408408409,0.07307307307307308,0.08408408408408409,0.038163163163163163,0.03315815815815816,0.042907180385288964,0.004755052243008196,0.00012513295376337358
59,0.17840095465393796,0.14081145584725538,0.17780429594272076,0.17959427207637232,0.16646778042959426,0.04175365344467641,0.03879438973440764,0.0014920919128618322
69,0.042639869636067355,0.025801195002715917,0.04182509505703422,0.08527973927213471,0.10700706137968495,0.05798479087452472,0.019693059894064918,0.003123726741817194
70,0.06956029973137283,0.03704227343418634,0.06913615156227909,0.04354587869362364,0.03746642160328008,0.06877783275606135,0.004171085189112761,0.00014139271827500884
75,0.03018807006215191,0.012914682379530229,0.030107353297279846,0.016627653563645168,0.017596254742109935,0.037005649717514126,0.014206723977882713,0.007345522056746176
77,0.04069119286510591,0.024154589371980676,0.03976217019695281,0.08305462653288741,0.050724637681159424,0.022756827048114433,0.13360587196878193,0.000278732695345164
93,0.14458413926499034,0.10058027079303675,0.14361702127659576,0.14796905222437137,0.1769825918762089,0.05245346869712352,0.004353083434099154,0.0009673518742442564
101,0.11980588413709432,0.060661207158022444,0.11980588413709432,0.04807400667273279,0.07006369426751592,0.03237791932059448,0.03571699400925154,0.0001516645180859938
125,0.040429373996789725,0.023876404494382022,0.04063001605136437,0.03140048154093098,0.07072632423756019,0.050912921348314606,0.041532905296950244,0.0009530497592295345
153,0.06511627906976744,0.04224806201550388,0.06472868217054263,0.07829457364341086,0.05465116279069768,0.09152542372881356,0.05310592111638725,0.002035080918693672
167,0.07967032967032966,0.062454212454212454,0.07948717948717948,0.0684981684981685,0.06978021978021978,0.10192307692307692,0.06474358974358975,0.0019230769230769232
208,0.08074807480748075,0.06820682068206821,0.08074807480748075,0.06820682068206821,0.0638063806380638,0.10931485758275597,0.06381340081417097,0.006711409395973154
221,0.12473940236275191,0.08617095205003475,0.12439193884642112,0.11257817929117443,0.22446143154968728,0.33900364520048604,0.15218902015288394,0.004343293954134816
237,0.03900614480363345,0.017365749398877906,0.03713598717606198,0.029299136165286312,0.024222994033306616,0.047366780928638205,0.0194585448392555,0.0008905512512245079
247,0.03933054393305439,0.02612738261273826,0.039237563923756394,0.042398884239888426,0.033193863319386334,0.0387243735763098,0.032357043235704326,0.0001394700139470014
251,0.08091806360645465,0.03532821557261476,0.08060473131756228,0.021619927933573556,0.024048253172489424,0.07483552631578948,0.012102459658467806,7.833307222309259e-05
286,0.06221198156682028,0.046543778801843315,0.06221198156682028,0.06866359447004608,0.04009216589861751,0.08279569892473118,0.005223135417466779,0.00038405407481373376
295,0.07554129911788292,0.04843624699278268,0.07538091419406576,0.04843624699278268,0.04025661587810746,0.04152637485970819,0.02526265137541102,8.019889325527307e-05
351,0.9524996537875641,0.9524996537875641,0.9524996537875641,0.04196094723722476,0.034344273646309376,0.06543868153174988,0.009694619486185167,0.00013849456408835954
353,0.04533302336394281,0.01987678716726723,0.04533302336394281,0.14855283040799722,0.04789027083575497,0.029292107404393815,0.04824179017727405,0.00011624527753560012
354,0.05720255974924905,0.033302860127987464,0.05720255974924905,0.11349092333812198,0.04806059814548779,0.10786106032906764,0.066414157905048,0.20459740090119508
363,0.057343139508159044,0.01574350723971501,0.057343139508159044,0.015628591128476213,0.041829464490921626,0.045838359469240045,0.005114060794115957,0.00022984542894903176
397,0.06815928618638467,0.01577990746860542,0.06700264375413087,0.025033046926635823,0.021976206212822206,0.04018502457357618,0.043169331185194365,4.131036477052093e-05
413,0.03357996585088219,0.0005691519635742744,0.03329538986909505,0.12919749573136027,0.056915196357427436,0.01693227091633466,0.1275081827237797,0.00028461647929415115
416,0.07167919799498747,0.06215538847117794,0.07117794486215538,0.05789473684210526,0.08721804511278196,0.08070175438596491,0.06955758867025943,0.0006266449429753102
424,0.9157733537519143,0.9157733537519143,0.9157733537519143,0.15084226646248086,0.09571209800918837,0.0214190093708166,0.14780777331035802,0.00019146084625694046
449,0.06763848396501458,0.05150631681243926,0.06705539358600583,0.0586977648202138,0.05617103984450923,0.009523809523809525,0.04927592574594227,0.000388764700165225
481,0.05265273311897106,0.028938906752411574,0.05265273311897106,0.07013665594855305,0.04722668810289389,0.10829817158931083,0.03175560245201487,0.7744950256255653
488,0.03184713375796178,0.02388535031847134,0.03184713375796178,0.07484076433121019,0.049893842887473464,0.045820433436532505,0.04600141542816702,0.00035385704175513094
490,0.04195988740323716,0.027973258268824772,0.04195988740323716,0.027885292047853623,0.027533427163969035,0.02247536945812808,0.025730119634060522,0.37306474313863475
560,0.06648994919372653,0.04616743980561078,0.06648994919372653,0.06140932184669759,0.06936160812900376,0.04868624420401855,0.04440516955705291,0.0004418424831547553
563,0.22041420118343194,0.1881656804733728,0.22011834319526627,0.16449704142011834,0.09230769230769231,0.18426501035196688,0.37490753069980765,0.0005918035212309513
578,0.9514806378132118,0.9514806378132118,0.9514806378132118,0.07061503416856492,0.05261958997722096,0.054183266932270914,0.05797266514806378,0.0003416856492027335
582,0.10423971947720752,0.09148868345553077,0.10423971947720752,0.04877271278291361,0.038412496015301244,0.09369771332961517,0.042002072208496055,0.0002391009803140193
584,0.02451132485262178,0.003102699348433137,0.02451132485262178,0.01520322680732237,0.006619091943324025,0.00760043431053203,0.005533147171372427,0.0011376564277588168
629,0.05730239978727648,0.03902147178089477,0.05730239978727648,0.020341687163464735,0.02153825699660972,0.05677059097254537,0.026956955293335548,0.0
631,0.01740041928721174,0.003459119496855346,0.01740041928721174,0.16268343815513628,0.029979035639413,0.019075568598679385,0.009538784067085955,0.0012054507337526206
636,0.08136938724882163,0.05408087323244853,0.07988092284792855,0.12205408087323245,0.07144629124286778,0.0798611111111111,0.14351277598610768,0.0023567353014140413
645,0.08183856502242152,0.05754857997010463,0.08183856502242152,0.10426008968609865,0.04204035874439462,0.1301504251144539,0.048304213771839674,0.0002802952443240213
659,0.13189326556543837,0.11461245235069886,0.13189326556543837,0.04371029224904702,0.045362134688691234,0.16184971098265896,0.79369718533579,0.0012071923247982718
663,0.14688284115035707,0.12179116000772051,0.14630380235475776,0.058289905423663385,0.05848291835552982,0.12559081701553004,0.06881575137534987,0.00038606312132033585
672,0.06337290502793295,0.0490572625698324,0.06337290502793295,0.05254888268156425,0.04591480446927374,0.05253512522907758,0.1003840782122905,0.00017458100558659218
684,0.06433463796477495,0.0437866927592955,0.06409001956947162,0.09442270058708414,0.04647749510763209,0.05051369863013699,0.06666666666666667,0.00024464831804281347
726,0.14516129032258066,0.11290322580645161,0.14437450826121165,0.2464594807238395,0.13257277734067663,0.16173434273916035,0.1865656963021243,0.06490952006294257
729,0.050215982721382287,0.03253239740820734,0.050215982721382287,0.07181425485961124,0.04427645788336933,0.03259329239489844,0.08734390820114749,0.00020249746878164024
740,0.07339449541284404,0.06596767147225863,0.07317605941459153,0.06596767147225863,0.04783748361730013,0.06192660550458716,0.012560069899519442,0.0
747,0.1290594685786588,0.0641079713201181,0.12779417967102488,0.12695065373260228,0.10881484605651624,0.11504424778761062,0.21641004007593334,0.0002109259649862898
781,0.0877044557247603,0.07445008460236886,0.0877044557247603,0.08798646362098139,0.07473209249858996,0.09180651530108588,0.09096037230291919,0.0031025243266111975
818,0.08349677780891006,0.060016811431773606,0.08349677780891006,0.017427850938638273,0.012104230876996358,0.026083545793292803,0.04267301765200336,0.000644438217988232
819,0.025941553367713706,0.01562744178777934,0.025785278949835913,0.0473511486169714,0.04875761837787154,0.04319300164024057,0.07688701359587435,0.00023441162681669012
822,0.039799528301886794,0.029874213836477988,0.039799528301886794,0.029874213836477988,0.0220125786163522,0.08665749656121045,0.016214622641509434,0.00014740566037735848
831,0.06308567603748326,0.050200803212851405,0.06107764390896921,0.05036813922356091,0.04785809906291834,0.07845433255269321,0.0568153292611497,0.00016735001255125095
853,0.04480968858131488,0.02820069204152249,0.04480968858131488,0.05380622837370242,0.04948096885813149,0.051452784503631964,0.044290657439446365,0.004065743944636678
872,0.05112624410686223,0.03174436877946569,0.05070717653221582,0.03174436877946569,0.02179151388161341,0.09167583425009168,0.014196657761014198,0.00015715857300015716
881,0.09085857182550708,0.05084745762711865,0.09085857182550708,0.15448735759933316,0.1594887468741317,0.14480077745383868,0.3051271363067945,0.0006947339169098236
914,0.8798185941043084,0.8798185941043084,0.8798185941043084,0.13696145124716552,0.10430839002267574,0.06984126984126984,0.13381719210705376,0.03628940802903153
946,0.17386550027337344,0.12383816293056316,0.17359212684527064,0.08201202843083652,0.026790595954073265,0.12523900573613767,0.055768179332968834,0.0005467468562055768
958,0.07025920873124147,0.039051841746248296,0.07025920873124147,0.10334242837653479,0.05115961800818554,0.03579952267303103,0.03180694124669566,0.0
963,0.04319578577699736,0.02739244951712028,0.043371378402107114,0.026865671641791045,0.0276558384547849,0.01935483870967742,0.03270412642669008,8.77963125548727e-05
972,0.038995965934558494,0.018713581353653072,0.03877185118780816,0.06633796503809951,0.04863290004482295,0.04823529411764706,0.03462572837292694,0.001232631107126849
988,0.04906166219839142,0.03686327077747989,0.04906166219839142,0.04088471849865952,0.034450402144772116,0.05018761726078799,0.03136729222520107,0.00013404825737265417
997,0.8119765494137353,0.8119765494137353,0.8119765494137353,0.12646566164154105,0.07537688442211055,0.212298682284041,0.10094240837696335,0.012984293193717278
1001,0.0721318493150685,0.05543664383561644,0.0721318493150685,0.0644263698630137,0.06014554794520548,0.10561797752808989,0.005244006849315069,0.00021404109589041095
1016,0.03898240729021643,0.018984938615365144,0.03898240729021643,0.05163903303379319,0.12643969117833187,0.053144375553587246,0.09207695228452095,0.0014555119605113276
1026,0.12094531974050046,0.10630213160333642,0.12094531974050046,0.04874884151992586,0.008433734939759036,0.049626986701265,0.05347544022242817,0.0041241890639481
1028,0.09729359369647139,0.07194244604316546,0.09695101062007537,0.07673860911270983,0.06543336759164098,0.08872901678657075,0.056878533493232825,0.00017132088401576153
1043,0.10440503432494279,0.08638443935926773,0.10383295194508009,0.08638443935926773,0.043764302059496565,0.12912912912912913,0.004863395794593048,0.00014304105278214847
1044,0.0637247786326027,0.05080563216722311,0.0635796196835535,0.04383800261286108,0.053563652199158075,0.07516505840528187,0.030846276672956887,0.00029031789809841774
1046,0.11522502393871688,0.05059048834982445,0.11522502393871688,0.05011171401212895,0.03558889243536546,0.044109436069235064,0.05713829702338201,0.001596041816295587
1078,0.07088880892407341,0.05397625044980209,0.07088880892407341,0.055055775458798126,0.042821158690176324,0.07682619647355164,0.10382366171839856,0.0002699055330634278
1154,0.04173333333333333,0.0048,0.04133333333333333,0.059333333333333335,0.0408,0.032664489034064395,0.12866666666666668,0.0004
1165,0.15441582845142035,0.14667845694705428,0.15408422681551895,0.0349287056482812,0.03946059467226705,0.07504835589941973,0.03045376665008567,0.001989719781130824
1167,0.9644454909347775,0.9644454909347775,0.9644454909347775,0.07134447845538026,0.07040263715563927,0.051070840197693576,0.04532611255003532,0.0004709206498704968
1172,0.03631961259079903,0.016237003275886626,0.03631961259079903,0.010967098703888335,0.007976071784646061,0.020937188434695914,0.0043444199131116015,0.00014243999715120005
1176,0.025165562913907286,0.0005886681383370125,0.024724061810154525,0.044591611479028695,0.04091243561442237,0.06951596292481978,0.04260485651214128,0.00029433406916850625
1191,0.03615358477743799,0.004553177030241251,0.03547400611620795,0.023037716615698266,0.022426095820591234,0.029726516052318668,0.014101257220523276,0.0008154943934760449
1193,0.08821402747650037,0.06845022897083634,0.08797300554350446,0.04434803567124608,0.02940467582550012,0.05735976381273724,0.050918951491413074,0.0016269960831575775
1208,0.030047443331576173,0.0158144438587243,0.030047443331576173,0.023119210783944574,0.03034867083364711,0.03505535055350553,0.019956322012199715,7.530687551773477e-05
1212,0.07175925925925926,0.045987654320987656,0.07191358024691358,0.06728395061728396,0.045987654320987656,0.062095032397408205,0.06998456790123457,0.00015432098765432098
1213,0.08169556840077072,0.05973025048169557,0.08169556840077072,0.05973025048169557,0.05529865125240848,0.06405933917734322,0.019171483622350674,0.0019267822736030828
1232,0.10420523670986512,0.0833112933086485,0.10394075641364718,0.0833112933086485,0.08172441153134091,0.06382978723404255,0.08583520698320328,0.0026451527575717497
1249,0.1324181919023849,0.11425402107598447,0.1324181919023849,0.05185801442041043,0.04492512479201331,0.14410480349344978,0.7854121888650073,0.013866740622616653
1293,0.06837606837606838,0.0504099075527647,0.06802721088435375,0.05267748124890982,0.05459619745334031,0.036019536019536016,0.05276469562183848,0.0
1294,0.09515969706947645,0.030293052354297002,0.09515969706947645,0.11326967402041488,0.11030622324662497,0.05414746543778802,0.20582907953235632,0.0057632142269059775
1297,0.13864628820960698,0.11280931586608442,0.13864628820960698,0.11280931586608442,0.12954876273653565,0.11847133757961784,0.08626023657870792,0.003639672429481347
1311,0.21496062992125983,0.20131233595800524,0.21496062992125983,0.08136482939632546,0.05328083989501312,0.09090909090909091,0.05486284289276808,0.000525003281270508
1319,0.04492348198124074,0.03077176238275465,0.04492348198124074,0.05594865887773572,0.05529043936152707,0.06966033390903857,0.049777850913279575,0.01061378969886457
1350,0.08380288904825325,0.07079192705665403,0.08380288904825325,0.04005737117098658,0.02632926954205512,0.09860164933667981,0.06357256288099995,5.122688386865427e-05
1367,0.09019493744544661,0.07942973523421588,0.09034041315100379,0.045242944428280474,0.09601396566773349,0.07331975560081466,0.06743289444969812,0.0036371571979340947
1376,0.11994813053814567,0.04408904257618327,0.11994813053814567,0.08212664793602767,0.062243354225199915,0.030257186081694403,0.15540905652220902,0.0003242191721603804
1410,0.032864302235929066,0.014456437933693137,0.032864302235929066,0.038646877409406324,0.015709329221279877,0.024283305227655986,0.14804105826225242,0.001156570767673847
1413,0.06026908292147172,0.03459637561779242,0.05958264689730917,0.042970895112575506,0.062465678198791875,0.0446685878962536,0.07159527732015376,0.0017160900604063702
1440,0.060626858842370165,0.032944406314344546,0.060626858842370165,0.13269274765499886,0.06520247083047358,0.03682946357085669,0.10525111543301682,0.0005720169317011784
1444,0.06019362985828539,0.036901922267433704,0.06005331836677424,0.08909779710958328,0.03956784060614564,0.07265586647029947,0.06103978109871606,0.001824177366168526
1452,0.0425130890052356,0.015706806282722512,0.0425130890052356,0.09172774869109948,0.061989528795811516,0.1663003663003663,0.011938422871504869,0.00031416902293433867
1456,0.05704697986577181,0.03547459252157239,0.05680728667305848,0.1361457334611697,0.08437200383509108,0.04278523489932886,0.05357784969435455,0.00047944384513963804
1469,0.04268873105367211,0.024822435381123234,0.04268873105367211,0.028117448927290033,0.02387054257889727,0.03613531522296258,0.006956394390949365,0.0007322520411525647
1498,0.10165912518853695,0.08627450980392157,0.10165912518853695,0.09140271493212669,0.08235294117647059,0.09398099260823653,0.11374264594961532,0.0
1503,0.11914893617021277,0.09852700490998363,0.11914893617021277,0.13682487725040918,0.09198036006546645,0.13631156930126,0.07168576104746317,0.0004909983633387888
1523,0.035877076900455815,0.021761505660932216,0.03580355830024996,0.023893545066901927,0.021835024261138068,0.030614870079753023,0.018968496121751277,0.002058596478329596
1539,0.03192804174677286,0.023413897280966767,0.03199670420214227,0.025885745674265312,0.01867618786047789,0.0691975012013455,0.02863224388904147,0.004566053282065366
1546,0.05248847381487173,0.03581983686014895,0.05248847381487173,0.06809315521929306,0.030500059108641682,0.04468349193214729,0.04285376522047523,0.0
1554,0.11890447561790247,0.10153640614562458,0.11890447561790247,0.10587842351369406,0.09953239812959253,0.11448598130841121,0.1022214798730583,0.0
1555,0.07711499206169199,0.06486731685189386,0.07711499206169199,0.09276479927421184,0.060331140848264915,0.09206349206349207,0.03742345202993876,0.00011340440009072352
1585,0.16479942175641488,0.13299602457535237,0.1640766172750271,0.11167329237441272,0.09685580050596314,0.0922882427307206,0.09723477317910717,0.0009036688957166094
1614,0.08198757763975155,0.06811594202898551,0.08198757763975155,0.06459627329192547,0.06024844720496894,0.09782608695652174,0.08779376747075267,0.0018635469510301273
1623,0.2606236021576108,0.19721089330351269,0.26101828706749114,0.03986317589790817,0.02262860149980266,0.05478821362799263,0.04940464443128741,6.578514571409775e-05
1656,0.019905899384726745,0.0018096272167933405,0.019905899384726745,0.11074918566775244,0.1078537821208831,0.14936708860759493,0.2620814479638009,0.0005429864253393666
1665,0.09952200024512808,0.0321117784042162,0.10001225640397107,0.1231768599093026,0.11533276136781469,0.05062205062205062,0.042103327817613535,0.013237727523441808
1676,0.06500364166059723,0.03896576839038601,0.064639475600874,0.07483612527312454,0.04879825200291333,0.1286624203821656,0.0334122359796067,0.013656227239621267
1681,0.06691054991739438,0.026787821571866887,0.06679254189284871,0.13606325230115648,0.0676185980646684,0.046242774566473986,0.033337266934151524,0.0013570922822751948
1697,0.14849708389412292,0.1278600269179004,0.14849708389412292,0.14221624046657694,0.13458950201884254,0.1726844583987441,0.08750280457706978,0.0
1719,0.06749816581071166,0.04512105649303008,0.06749816581071166,0.11408657373440939,0.05612619222303742,0.05263157894736842,0.09190974133186572,0.004035956705191708
1726,0.030742518639566948,0.01532019201307323,0.030436114799305483,0.030946787866407924,0.02400163415381473,0.06540385989992852,0.03212133592074354,0.0001532019201307323
1757,0.05527638190954774,0.042565770026603604,0.05527638190954774,0.05113804315696128,0.053798403783624,0.03722854188210962,0.12924918711203073,0.0014779781259237363
1762,0.09646846440257249,0.08078528714882094,0.09658129301590883,0.03960284328105607,0.03396141261423897,0.09198578760363206,0.049139633286318755,5.641748942172073e-05
1768,0.06821369373964044,0.029580517659059034,0.06821369373964044,0.0702537294402652,0.03353308682901951,0.05800981704596162,0.01976410583359898,0.0002550207204335352
1771,0.048011639185257034,0.00024248302618816683,0.048011639185257034,0.07322987390882638,0.1345780795344326,0.01102629346904156,0.2697623666343356,0.00024248302618816683
1802,0.05629827688651218,0.03728461081402258,0.056446821152703504,0.04738562091503268,0.033571004159239456,0.06340956340956341,0.09224598930481283,0.00014854426619132502
1810,0.08386524822695035,0.0549645390070922,0.08386524822695035,0.061170212765957445,0.05319148936170213,0.07196029776674938,0.11861702127659575,0.002127659574468085
1820,0.07967656945580086,0.024620695920777688,0.07967656945580086,0.02979921867902244,0.026346870173525938,0.034976152623211444,0.05505837459682915,9.08554036251306e-05
1826,0.04889321333009,0.015567988324008757,0.04913646314765264,0.07297494526879104,0.0647044514716614,0.029787234042553193,0.05449458703320764,0.0001216397031991242
1852,0.05838528204348487,0.045917591607115706,0.05777710202219857,0.045917591607115706,0.046525771628402005,0.0745077168706759,0.014293317113966395,0.0001520565650421957
1863,0.9873597036068432,0.982565108423232,0.9873597036068432,0.033889070502342813,0.02593440122044241,0.08085430968726164,0.7822154416171743,0.0010897400969868687
1875,0.055015319035566806,0.027707473025176503,0.055015319035566806,0.045024643665911815,0.036366058345544156,0.04428904428904429,0.03836674881769134,0.0049956704189702255
1896,0.06811537711946988,0.04151237575521341,0.06801793022802573,0.031085558370687976,0.04346131358409667,0.0688949522510232,0.07109097110558885,0.001023242216050285
1912,0.03215348991068475,0.020112471055243136,0.032087330466424084,0.020244789943764472,0.022758848825669864,0.0032414910858995136,0.0252737437559959,3.308081643454961e-05
1920,0.04533500313087038,0.03506574827802129,0.04533500313087038,0.061365059486537255,0.036944270507201005,0.05652936021034181,0.05084533500313087,0.03838447088290545
1925,0.07431500098561009,0.04730928444707274,0.07392075694855116,0.06071358170707668,0.06347328996648925,0.02413793103448276,0.14470182355840316,0.043765401675702316
1959,0.07156009373953799,0.021844660194174758,0.07139270170739873,0.023769668563776363,0.025610980917308335,0.03925014645577036,0.02891697355205892,4.1848008034817545e-05
1968,0.9325897187196897,0.9325897187196897,0.9325897187196897,0.15227934044616878,0.11736178467507274,0.17966101694915254,0.20392822502424832,0.005092143549951503
2009,0.10927246790299572,0.07988587731811697,0.10841654778887304,0.12496433666191155,0.07503566333808845,0.08383233532934131,0.156490727532097,0.003566333808844508
2016,0.14312740557113968,0.1129232174310131,0.14293169808859024,0.01911409746232631,0.022506360493182855,0.015068493150684932,0.0493509035162111,0.0018266031704612174
2025,0.13883532587736214,0.1195526417277285,0.13883532587736214,0.1392209795603548,0.09062861550327805,0.1632928475033738,0.10335518704203625,0.004049363671423062
2029,0.04638635343408649,0.027981445458626367,0.04623672003591202,0.05626215771360168,0.0441418524614694,0.05235602094240838,0.03725871614544366,7.481669908723627e-05
2041,0.07662007623888183,0.05781448538754765,0.07662007623888183,0.04205844980940279,0.039135959339263025,0.06002667852378835,0.013342652010928267,0.0057182794332549716
2049,0.049130897481376376,0.02678254700248315,0.049308265342319975,0.07520397304008514,0.059772969137992196,0.13531967721911856,0.10331677899964527,0.00044341965235899253
2072,0.0521978021978022,0.0405982905982906,0.0521978021978022,0.0463980463980464,0.0438034188034188,0.06303418803418803,0.004655422422346027,0.00022895520109898496
2097,0.19739478957915832,0.1538076152304609,0.19739478957915832,0.1538076152304609,0.14529058116232466,0.08231173380035026,0.0781758957654723,0.010774242044600351
2098,0.04388349514563107,0.02796116504854369,0.04407766990291262,0.08563106796116506,0.07281553398058252,0.06589673913043478,0.011360326245266531,0.002233226526847267
2103,0.9623552123552124,0.9623552123552124,0.9623552123552124,0.09684684684684684,0.07110682110682111,0.09009009009009009,0.06595881595881596,0.00016087516087516087
2114,0.07533084492704445,0.06192738378011537,0.07482185273159145,0.07108924329826943,0.06243637597556837,0.13657957244655583,0.051238547675602306,0.0018663047166610112
2121,0.08895146595991386,0.05333775053834686,0.08795759483187013,0.0642703329468279,0.04124565181381481,0.06840579710144927,0.037849925459665396,0.0031472585721384794
2134,0.04855479309627781,0.029631940112289458,0.04834684965689332,0.044499896028280306,0.04772301933873986,0.06622998544395925,0.08037013932210439,0.0047826991058432106
2148,0.10019869429463525,0.08572239568549532,0.10019869429463525,0.08572239568549532,0.06698836219131422,0.09731876861966236,0.01731478853250071,0.0002838489923360772
2150,0.06891357559781586,0.05667482583317643,0.06891357559781586,0.10016945961212578,0.05535680662775372,0.07444005270092227,0.004142346074185652,0.0003765769158350593
2157,0.22336874051593322,0.17147192716236723,0.22336874051593322,0.09165402124430956,0.0370257966616085,0.10084925690021232,0.09697981484292002,0.0
2161,0.038317185999825434,0.026446713799423933,0.038317185999825434,0.04931482936196212,0.024439207471414856,0.044899205864386074,0.017107445229990397,4.3641441913240814e-05
2168,0.0423374708123387,0.008111097456064888,0.04246036622833968,0.018864446356150914,0.017143910532137152,0.02967741935483871,0.026176723608209412,0.00012289541600098315
2185,0.146835847099194,0.11132391668661719,0.14691564919000877,0.026494294150506744,0.02314260633628601,0.04077073443172298,0.03551334743226527,0.00079805275128686
2219,0.05387453874538745,0.03099630996309963,0.053751537515375154,0.04920049200492005,0.06617466174661747,0.0482135170038743,0.03278184390183898,0.004612829817331939
2229,0.082010582010582,0.056878306878306875,0.08182161753590325,0.09769463340891912,0.059334845049130766,0.08796296296296297,0.022772370783331757,0.0001889823301521308
2231,0.06449502878074306,0.031135531135531136,0.06384092098377812,0.057430664573521716,0.04042386185243328,0.057692307692307696,0.03597592883307169,0.0018969126111983254
2248,0.08814102564102565,0.04907852564102564,0.08733974358974358,0.0625,0.05689102564102564,0.04765241765942537,0.1580687168185916,0.00020034057898427325
2280,0.053876721190278164,0.028370760558173922,0.053876721190278164,0.0312355604842436,0.07559375288790315,0.046248382923673996,0.04269476018852232,0.0001848258016819148
2283,0.10285833507197997,0.06488629250991029,0.10285833507197997,0.06968495722929272,0.07865637387857292,0.07737226277372262,0.03755868544600939,0.0026082420448617634
2284,0.07675675675675675,0.05967567567567567,0.07675675675675675,0.06227027027027027,0.08864864864864865,0.060514372163388806,0.24443243243243243,0.0005405405405405405
2295,0.03587570621468927,0.0019774011299435027,0.036440677966101696,0.09576271186440678,0.09293785310734463,0.10770750988142293,0.09648255403305551,0.0004237886707162029
2313,0.11857707509881422,0.08972332015810276,0.11857707509881422,0.16719367588932807,0.10316205533596838,0.05255878284923928,0.34868551097054756,0.05376556631745404
2332,0.09827558677949864,0.0637873223694715,0.09811591888871148,0.029139390068657192,0.018521475331310874,0.030176026823134954,0.03197477146620893,3.991856612510479e-05
2377,0.09264520202020202,0.07702020202020202,0.09264520202020202,0.09501262626262626,0.07970328282828283,0.08779679734953065,0.06786616161616162,0.0015782828282828283
2393,0.03575508339045008,0.011537582819282613,0.03575508339045008,0.057230980123372174,0.049006168608636054,0.027977617905675458,0.026901987662782727,0.0002284669865204478
2401,0.04662379421221865,0.035246104377937175,0.04662379421221865,0.03734850358644571,0.02720751916893396,0.050194720900043274,0.024115755627009645,0.0
2417,0.033625433054819645,0.0002037905033625433,0.033014061544732014,0.006113715100876299,0.0625636845323008,0.025677603423680456,0.10841654778887304,0.0004075810067250866
2435,0.07243719053731891,0.05336512011736659,0.07243719053731891,0.06400146708234,0.053181734824867044,0.07766367137355584,0.044287548138639284,0.010086191087474784
2443,0.03292406886617738,0.021400644763015297,0.03333561972700459,0.02208656286439399,0.021606420193428906,0.06913106096975516,0.030112837397537468,0.0007888328703227355
2444,0.08582490858249085,0.04710690471069047,0.08539470853947086,0.06560550656055066,0.0597978059797806,0.1181339352896915,0.10281781028178102,0.00010755001075500108
2453,0.11435314310233856,0.08302939283415577,0.11435314310233856,0.026317671458199243,0.02946434956733176,0.017271589486858575,0.03668871804040765,0.001394600393348829
2479,0.156262918561389,0.12897891690781316,0.15584952459694087,0.16866473749483257,0.13393964448119058,0.1994219653179191,0.008061182306738322,0.00434063662670525
2500,0.10075471698113207,0.05433962264150943,0.09962264150943397,0.13169811320754718,0.14867924528301887,0.10435931307793923,0.08378939422532554,0.004717871296471032
2513,0.9796445389639982,0.9796445389639982,0.9796445389639982,0.07640893209782774,0.031748442959137174,0.06007442849548113,0.055521798572079596,0.0003038128512836093
2542,0.08322295805739514,0.06512141280353201,0.08278145695364239,0.08498896247240618,0.06865342163355409,0.05868725868725869,0.0641280353200883,0.00011037527593818985
2548,0.9499244549967624,0.9499244549967624,0.9499244549967624,0.06950140297863155,0.05439240233110296,0.1042296072507553,0.11462493254182407,0.00021586616297895306
2569,0.10620629370629371,0.08610139860139861,0.10620629370629371,0.1791958041958042,0.12106643356643357,0.07951070336391437,0.15191256830601094,0.0006557377049180328
2580,0.054328621908127206,0.02561837455830389,0.054328621908127206,0.02765017667844523,0.039134275618374556,0.04884080370942813,0.05671378091872792,0.0009717314487632509
2594,0.06058171300016069,0.048368953880764905,0.06042101880122128,0.04852964807970432,0.049493813273340834,0.05961754780652419,0.0894335074327039,0.0
2597,0.08605720122574055,0.06920326864147089,0.08605720122574055,0.07686414708886619,0.06818181818181818,0.09294012511170688,0.04967437108926063,0.00012769761205465457
2602,0.1301460823373174,0.08543603364320496,0.1301460823373174,0.1323594510845507,0.1217352810978309,0.15170278637770898,0.11243913235945109,0.9307215582115981
2607,0.0782991202346041,0.05659824046920821,0.07771260997067449,0.09208211143695015,0.06832844574780059,0.09435897435897436,0.09194896612406511,0.002346385100454612
2613,0.09872611464968153,0.07275845173934346,0.09774620284174425,0.07398334149926507,0.04679078882900539,0.10539845758354756,0.029523459512434153,0.0002450079627587897
2616,0.17428725121032812,0.14631522323830015,0.17428725121032812,0.24636901559978483,0.14792899408284024,0.1167608286252354,0.2184557438794727,0.0002690341673392521
2667,0.047705002578648785,0.024325253567130823,0.047705002578648785,0.02862300154718927,0.019597730789066528,0.06167268351383875,0.277947307345167,0.2582197962779903
2671,0.0657373065609413,0.03849597135183527,0.0657373065609413,0.061900498785010874,0.04348382146054482,0.135183527305282,0.012213838086711856,0.4576672208722343
2735,0.08311893924401345,0.05580843063526618,0.08292103700771819,0.05917276865228577,0.07045319612111617,0.18767313019390583,0.06343394359228105,0.0001979218208807521
2738,0.21228697664632865,0.18907356757135843,0.21193632092012063,0.04951258854057087,0.12665684830633284,0.054982817869415807,0.041659361082862854,0.027632640179542027
2750,0.03664724675812817,0.018417590678443903,0.03589550836308965,0.07461003570757377,0.06164254839315918,0.0381328073635766,0.1341979137299126,0.0023494032515741
2775,0.04566547141953174,0.03448639527525838,0.0455600084370386,0.026998523518245096,0.03385361738029952,0.021771217712177122,0.041130563172326516,0.0002109259649862898
2823,0.0449328713728887,0.028800346470333478,0.04482459939367692,0.037895192724123,0.04948029449978346,0.04281924971580144,0.04818363921823399,0.0022738346597368847
2854,0.07387661843107388,0.0594059405940594,0.07387661843107388,0.07844630616907845,0.0588981975120589,0.06483126110124333,0.06296813507680589,0.0024120858194744193
2859,0.181723779854621,0.13473520249221183,0.181723779854621,0.08566978193146417,0.08515057113187954,0.22343324250681199,0.027388369678089303,0.0006490134994807892
2863,0.05850091407678245,0.041681901279707494,0.058683729433272394,0.055393053016453385,0.06307129798903108,0.07037747920665387,0.09305301645338208,0.0002742230347349177
2869,0.90310442144873,0.90310442144873,0.90310442144873,0.1415804327375353,0.12041392285983067,0.0805921052631579,0.09313264346190028,0.00047036688617121356
2871,0.10617942283563363,0.046267252195734,0.10602258469259725,0.04909033877038896,0.05065872020075282,0.03896816684961581,0.08351631116687579,7.841907151819322e-05
2872,0.14309557273366127,0.10207308503162334,0.14432536893886155,0.024595924104005622,0.03768446943078004,0.056563172456194286,0.042956911319014364,0.0008345412219440418
2895,0.10850271972516462,0.08302318923561408,0.10850271972516462,0.10764385914686515,0.05840251932436301,0.0781563126252505,0.004438081603435934,0.0002863278453829635
2919,0.13310450038138824,0.12204424103737604,0.13310450038138824,0.12166285278413425,0.12623951182303586,0.157543391188251,0.2687392714094984,0.007057028418844173
2922,0.08337258596325954,0.0605275553462082,0.08290155440414508,0.07112576542628356,0.08195949128591616,0.09060955518945635,0.07077249175694772,0.0020018841262364577
2930,0.07406182840138865,0.055050421557282195,0.07406182840138865,0.051909406513473304,0.044470160357083816,0.11104684788895315,0.05439365131850872,0.0015706373481028353
2931,0.11533516988062442,0.0642791551882461,0.11533516988062442,0.05748393021120294,0.05417814508723599,0.08547557840616966,0.09266231977224722,0.00027550739278170633
2949,0.05700468933177022,0.044548651817116064,0.05700468933177022,0.04425556858147714,0.04220398593200469,0.06820512820512821,0.01428780773739742,0.00014654161781946072
2952,0.053295434357790016,0.043524604725528514,0.054450168768875463,0.05516077456031267,0.07541303961627287,0.08423997513211066,0.09971130357539418,0.028292249611370196
2958,0.06175263251829377,0.027306799928609675,0.060324825986078884,0.07031947171158308,0.05015170444404783,0.056214865708931916,0.048188470462252365,0.0019632339817954665
2972,0.08258864226001729,0.0005765350245027386,0.08258864226001729,0.006053617757278754,0.05275295474200058,0.059001512859304085,0.04641106947247045,0.0015134044393196886
2974,0.13631997205484236,0.11841760544930574,0.13631997205484236,0.1144004890402585,0.09623613658195791,0.1265281173594132,0.09130605650408279,0.08545478363390245
2975,0.0380940247165244,0.02650019110714741,0.03822142948146261,0.040132500955535735,0.039240667600968275,0.03744984395898351,0.041536599350194305,0.0001274128814423138
3012,0.9449396958573676,0.9449396958573676,0.9449396958573676,0.15731515469323545,0.041426324069218666,0.05321100917431193,0.1680650235972732,0.006292606187729418
3015,0.258230012825994,0.23428815733219324,0.2599401453612655,0.1368106028217187,0.13039760581445062,0.15695067264573992,0.115861479264643,0.00021376656690893543
3028,0.07831158011663426,0.06998056095529019,0.07817272979727853,0.04359900027770064,0.022632602054984727,0.12293488824101069,0.04512635379061372,0.00020827547903360177
3034,0.06504315659679408,0.04623921085080148,0.06488902589395808,0.05240443896424168,0.03729963008631319,0.06040992448759439,0.026048088779284835,0.0
3050,0.08035714285714286,0.059619815668202764,0.08035714285714286,0.09418202764976959,0.07114055299539171,0.07661290322580645,0.03153801843317972,0.00014400921658986175
3070,0.06275197195442594,0.03733567046450482,0.06240140227870289,0.07204206836108677,0.05013146362839614,0.15766871165644172,0.09851007887817703,0.00017528483786152498
3073,0.516816865143225,0.5035403926617316,0.5180238171869971,0.02510460251046025,0.0255873833279691,0.042241622078287806,0.0255471515931767,0.0008850981654328935
3074,0.045107105784656036,0.03340568085307163,0.04501273945456261,0.029442294989147872,0.027083136736812306,0.0416116248348745,0.07271268815174822,0.000896522436653612
3103,0.056519306099608285,0.042389479574706214,0.056519306099608285,0.04560716284275322,0.03847229994404029,0.0680372001957905,0.005246222719641858,0.0013290430889759373
3114,0.10501133215814656,0.07982875849911861,0.10501133215814656,0.08310249307479224,0.05993452530848653,0.08370044052863436,0.02443017252235235,0.00037778617302606723
3121,0.06967414442443098,0.03520550188308499,0.06967414442443098,0.03168495169477649,0.02464385131815949,0.06131805157593123,0.016825643754861425,0.0002046915298644942
3125,0.07422775472568004,0.04149377593360996,0.07422775472568004,0.03665283540802213,0.01751959428307976,0.05970149253731343,0.7780082987551867,0.001152604887044721
3126,0.06818181818181818,0.04191263282172373,0.06818181818181818,0.09740259740259741,0.0808736717827627,0.11260330578512397,0.1682408500590319,0.003984651711924439
3135,0.08887440243372446,0.05584528465884398,0.08865710560625815,0.07475010864841374,0.05041286397218601,0.05171102661596958,0.044876670650874716,0.02640443333695534
3146,0.05559997867690175,0.026334026334026334,0.05554667093128632,0.016472093395170317,0.014286475824937363,0.053917910447761196,0.014846207153899461,2.6653872807718962e-05
3149,0.05246468722974921,0.04396079561833381,0.05246468722974921,0.04396079561833381,0.04151052176419717,0.05799293998991427,0.09124324324324325,0.0019459459459459458
3153,0.1113682383569569,0.05987850737633787,0.11050043390222737,0.09083019959502459,0.08591264101822389,0.20951417004048584,0.004773614928395776,0.0005786199913207002
3167,0.0689607132906102,0.05419336862635832,0.0689607132906102,0.04235162998049596,0.03705767623293396,0.04826913700633837,0.02312621900250766,0.00013931457230426304
3170,0.2762390670553936,0.260932944606414,0.2762390670553936,0.2735058309037901,0.24763119533527697,0.22576530612244897,0.23214285714285715,0.30949344023323616
3176,0.14499572284003423,0.09409751924721985,0.14285714285714285,0.1330196749358426,0.09538066723695467,0.1347305389221557,0.12663101604278074,0.0019251336898395723
3189,0.044244515651959575,0.0303179689425684,0.04399802809958097,0.03832881439487306,0.024402267685481885,0.03708495040965933,0.03161397670549085,0.00018487705675725643
3196,0.05629877369007804,0.037123745819397994,0.055295429208472684,0.033779264214046825,0.032329988851727984,0.07842372220054623,0.039910813823857305,0.0002787068004459309
3229,0.0684514755095832,0.052175235777304534,0.0684514755095832,0.049741405536963795,0.055369637967751746,0.052155401809473124,0.05894880961436069,0.0015212596029512437
3249,0.08695652173913043,0.07690032534753032,0.08725229222123632,0.09316770186335403,0.09228039041703638,0.09420289855072464,0.8324460218870157,0.003105590062111801
3256,0.040813444428753,0.024007908487501766,0.040813444428753,0.0449089111707386,0.04646236407287106,0.07909045971329709,0.03128310147588447,0.00035308240943436196
3267,0.03797852947133887,0.015697792181486734,0.037775977314158396,0.04202957261494835,0.022685841604213084,0.036511875221552643,0.01610371195624652,0.0
3270,0.06990014265335236,0.01952567760342368,0.06963266761768902,0.023181169757489302,0.028976462196861626,0.036817472698907956,0.026836661911554923,0.0013373751783166904
3287,0.04559803577692038,0.02777972641178534,0.04594878989828131,0.023009470361276745,0.020554191511750263,0.06653572305425975,0.04387934058225184,0.0012977902490354262
3311,0.0952460756382325,0.06401876990112285,0.0952460756382325,0.01603262387576113,0.018267135914194738,0.03147605083088954,0.006033182503770739,0.24599184403105973
3312,0.07735906862745098,0.046875,0.07628676470588236,0.048100490196078434,0.04105392156862745,0.10348525469168901,0.08625047874377634,0.00030639601685178094
3317,0.04748307952622673,0.03183164128595601,0.04748307952622673,0.14541032148900168,0.03976311336717428,0.04145077720207254,0.024851945854483925,0.00015862944162436547
3321,0.038664964435528,0.024895130403064018,0.038664964435528,0.027630859018785335,0.02681014043406894,0.04913848117421825,0.10632865219770199,9.119095385737735e-05
3325,0.060363553218246255,0.034526123242254486,0.05990625357265348,0.035326397622041844,0.03475477306505088,0.086,0.040299531267863266,0.00022864982279638732
3328,0.04751892346509672,0.018643117465657416,0.04737874964956546,0.044014578076815254,0.03532380151387721,0.033840117704757235,0.046117185309784134,0.0014017381553125877
3330,0.056226856363282014,0.044143441824205806,0.056226856363282014,0.03118300526213214,0.04833365815630481,0.08356070941336971,0.009452809043512157,0.00116941967548604
3338,0.05531738348776103,0.04632830867099986,0.05517909002904162,0.14797400082976075,0.04757294979947448,0.06582768635043562,0.08540211603623539,0.0015213332411313186
3352,0.0671299952614121,0.047701784868109304,0.0671299952614121,0.12525667351129363,0.045490443847733375,0.05251520176893311,0.051650608118780604,0.000236929395040278
3374,0.06328059950041633,0.05745212323064113,0.0720233139050791,0.13447127393838468,0.07577019150707744,0.14992721979621543,0.0033312513012700396,0.00020820320632937748
3379,0.06721742395794217,0.04337213668794593,0.06702966579046188,0.0514457378895982,0.060082613593691325,0.07687253613666228,0.10195268494179496,0.0003755163349605708
3386,0.9121197489135683,0.9121197489135683,0.9121197489135683,0.1453404152583293,0.07774022211492033,0.11317567567567567,0.13016179666747163,0.005312726394590679
3394,0.026428694010640123,0.01844860133859619,0.026428694010640123,0.04273210914707397,0.030204221726445855,0.03513513513513514,0.05491912301025443,0.001072639121294032
3412,0.11534569983136593,0.09780775716694773,0.11534569983136593,0.13760539629005059,0.08903878583473862,0.1936245572609209,0.07977736549165121,0.0005059875189745319
3436,0.045335658238884045,0.026155187445510025,0.045335658238884045,0.06604184829991282,0.056015693112467305,0.019832189168573607,0.06528610354223434,0.00043596730245231606
3449,0.09965635738831616,0.04250316512931814,0.09929462832338579,0.05661059866160246,0.04539699764876108,0.21645569620253163,0.04702477844094773,0.00045216133116295895
3450,0.06101611514331406,0.04182556279985238,0.06089309878213803,0.03813507196457129,0.05277401894451962,0.07102884201463625,0.7814479916343728,0.0019683828504644153
3458,0.0719588806396345,0.05768132495716733,0.07157814582143537,0.05768132495716733,0.05406434418427565,0.10526315789473684,0.15916230366492146,0.0
3489,0.9784918372635398,0.9784918372635398,0.9784918372635398,0.04586680487172843,0.03213267685928997,0.06303854875283446,0.7804988662131519,0.00919987042436022
3500,0.052480230050323505,0.020488856937455068,0.05212077641984184,0.06542056074766354,0.040438533429187636,0.06415094339622641,0.04394715556753842,0.00035948593511278873
3501,0.12175699974312869,0.07500642178268688,0.12175699974312869,0.10711533521705625,0.0788594913948112,0.08445642407906559,0.007064868336544637,0.0030828516377649326
3517,0.051726987274830605,0.00991571641051066,0.05156172533465543,0.05205751115518096,0.051065939514129896,0.07056101792943899,0.12883232790678456,8.263779852904718e-05
3524,0.06360448807854137,0.014726507713884993,0.06332398316970547,0.021949509116409537,0.021669004207573634,0.03484662576687116,0.03976296504084996,0.0007012868613906518
3532,0.11735784523300556,0.07802479692176144,0.11628901239846089,0.06605386917486106,0.03911928174433518,0.06731488406881077,0.07941427960666951,0.0003206498503634032
3533,0.049413574312632186,0.02749471255527783,0.049413574312632186,0.029801961161315133,0.021053643530090368,0.03869448183041723,0.029322693842234293,0.00019227995962120848
3544,0.010015579790785666,0.0015579790785666592,0.010015579790785666,0.218784776318718,0.06276430002225684,0.09190031152647975,0.05219810795770729,0.00022259321090706732
3545,0.047902844934217925,0.027324862251208816,0.047902844934217925,0.04868998088384122,0.03283481389857191,0.05863833136560409,0.04239527691875176,0.0012369974697779027
3562,0.0549738219895288,0.024036173250832935,0.05461684911946692,0.03700618752974774,0.034864350309376485,0.040383014154870944,0.0303426939552594,0.0013683960019038554
3564,0.03675273319376599,0.009304489416143289,0.03675273319376599,0.06862060944405676,0.07257501744591766,0.05207485760781123,0.1431894847039665,0.00011631964638827499
3566,0.047928683796539064,0.027687467226009437,0.047928683796539064,0.035762978500262194,0.01038280020975354,0.022018348623853212,0.05511274252753015,0.0012585212375458836
3570,0.10621621621621621,0.0654054054054054,0.10486486486486486,0.0918918918918919,0.09,0.1665089877010407,0.22111096094066765,0.08568725503446412
3572,0.034667062578873135,0.019746121297602257,0.034667062578873135,0.0233093311558162,0.02041422314601737,0.02260327357755261,0.04094131620949482,0.0007423629412419732
3573,0.06083294337856809,0.018717828731867104,0.06067696147246919,0.047106535641865545,0.04741849945406333,0.03056768558951965,0.030728435501481827,7.799095304944626e-05
3596,0.17158420335905583,0.13345438039037677,0.1702224239673173,0.1752156150703586,0.2982296867907399,0.09841269841269841,0.13257661748013622,0.02224744608399546
3618,0.029379418695993715,0.006441476826394344,0.029379418695993715,0.08043990573448546,0.06724273369992144,0.08246289169873557,0.7721131186174391,0.005263157894736842
3648,0.1391304347826087,0.12380952380952381,0.13747412008281573,0.12380952380952381,0.10144927536231885,0.11159420289855072,0.1795031055900621,0.00020703933747412008
3674,0.03420437646059061,0.019014234119396643,0.03420437646059061,0.11992776715530061,0.09039728064584661,0.06654275092936802,0.021032504780114723,0.0014871468026343743
3678,0.10506912442396313,0.06935483870967742,0.10506912442396313,0.06935483870967742,0.04815668202764977,0.0467741935483871,0.07385643507316511,0.0003456619426201175
3680,0.08785483291412145,0.047969816744520305,0.08785483291412145,0.11246855910887532,0.05731225296442688,0.0798240100565682,0.11713977721882861,0.003952569169960474
3688,0.16172506738544473,0.16172506738544473,0.16172506738544473,0.16172506738544473,0.1606469002695418,0.16226415094339622,0.5076840118630359,0.00026961445133459155
3690,0.07188547060615291,0.034267438318611024,0.07127627170271093,0.0557416996649406,0.05300030459945172,0.09115138592750532,0.05421870240633567,0.0
3691,0.06684698608964451,0.04424265842349304,0.06684698608964451,0.09080370942812983,0.06221020092735703,0.10615280594996619,0.10337165491256883,0.004154188001159308
3700,0.0446329254727475,0.03017241379310345,0.044215795328142384,0.0446329254727475,0.03921023359288098,0.04184914841849149,0.04686087742473754,0.00020857957310714038
3719,0.06351600469247529,0.017596782302664656,0.06301323948382771,0.025557231439584382,0.02228925758337523,0.05571847507331378,0.051786986215276325,4.18988561612268e-05
3730,0.04600195291309537,0.025604860583704026,0.04621894325702506,0.0819138548334599,0.03385049365303244,0.037965072133637055,0.10665653990126404,0.0012477621656811154
3764,0.06897106109324759,0.05032154340836013,0.06864951768488746,0.05032154340836013,0.037459807073954986,0.07090602138435566,0.039151057158935604,0.0015274539753999518
3808,0.9574993822584631,0.9574993822584631,0.9574993822584631,0.07511737089201878,0.05707931801334322,0.09420916162489196,0.09896219421793921,0.000617741536940944
3810,0.04544666088464874,0.036253252385082396,0.04544666088464874,0.059496964440589765,0.032263660017346055,0.04308252427184466,0.11162185602775368,0.00026019080659150045
3838,0.9652038431576214,0.9652038431576214,0.9652038431576214,0.07894053492599325,0.08179693586081538,0.029064486830154404,0.14920140241527075,0.0
3840,0.09689991142604075,0.08503100088573959,0.09689991142604075,0.055093002657218774,0.10345438441098317,0.037197768133911964,0.054654973868367436,0.001771636105943839
3842,0.02279117951753737,0.01213556311972769,0.022125203492674262,0.02427112623945538,0.02797099304425041,0.013986013986013986,0.045769045769045766,0.001369001369001369
3844,0.029606048547552725,0.01193792280143255,0.029606048547552725,0.024751293274970155,0.01846398726621568,0.0415041782729805,0.02940708316752885,0.0007958615200955034
3849,0.04997723132969035,0.03210382513661202,0.04997723132969035,0.03597449908925319,0.038820582877959926,0.0549800796812749,0.05527409347071213,0.0002276996641429954
3857,0.039757304806003514,0.018361807440523712,0.04039597636915216,0.05285007185055086,0.07264889030815903,0.05810055865921788,0.005668662674650699,7.984031936127745e-05
3877,0.032867327099342654,0.012591426719748172,0.032867327099342654,0.05925377279881493,0.018053883899638922,0.03532080362929359,0.0038885288399222295,0.00013887602999722247
3904,0.06056591274723195,0.029052711270937826,0.06037664426989685,0.03236490962430207,0.025361975962903377,0.07748344370860927,0.045944922873095484,0.00018926847733509984
3928,0.11613566289825282,0.09763617677286741,0.11613566289825282,0.10311750599520383,0.10517300445358,0.11151079136690648,0.004282288454950325,0.0008564576909900651
3930,0.11367380560131796,0.06836902800658978,0.11339923119165293,0.030203185063152116,0.026450668131063518,0.04163997437540039,0.03290316675819147,0.0
3967,0.06501820007531066,0.038910505836575876,0.06413957574996862,0.03803188151123384,0.028367013932471444,0.058410188844971456,0.037532165944894245,0.008096403690453776
3973,0.03750347254375405,0.030373182702102045,0.03750347254375405,0.03065098620242615,0.028613760533382722,0.04504212572909916,0.027178442448374848,0.0009723122511343643
3975,0.0449266862170088,0.03648093841642229,0.0449266862170088,0.03624633431085044,0.04621700879765396,0.07430213464696224,0.04797653958944281,0.0030498533724340176
3980,0.11868990384615384,0.09825721153846154,0.11838942307692307,0.09705528846153846,0.07301682692307693,0.10199789695057834,0.083984375,0.00015024038461538462
3986,0.043180521209815484,0.027582271257371123,0.042800076089024156,0.07875214000380446,0.058398326041468517,0.02796271637816245,0.08846190430895082,9.512032721392562e-05
3992,0.967896502156205,0.967896502156205,0.967896502156205,0.07307139434595113,0.05007187350263536,0.06119027661357921,0.0336647897448185,0.0003594105666706601
4000,0.2078862660944206,0.180793991416309,0.2078862660944206,0.08100858369098712,0.06464592274678112,0.10046948356807511,0.06130114017437961,0.0005365526492287056
4011,0.07277428888067972,0.05559660140376801,0.07277428888067972,0.05559660140376801,0.04857776135943849,0.0691661279896574,0.020319571441765955,9.236168837166343e-05
4012,0.11665715915573303,0.0764403879064461,0.11665715915573303,0.08613804905875641,0.07387335995436395,0.07285429141716566,0.09157038938810441,0.0002852660105548424
4017,0.06484641638225255,0.03851779619697709,0.06484641638225255,0.04875670404680644,0.05509507557289127,0.12002275312855518,0.1012514220705347,0.0
4027,0.03462014012913862,0.022530567385629894,0.03462014012913862,0.04341255666987223,0.04396208270366809,0.03894230769230769,0.05880332486089167,0.0014426049323349591
4037,0.14764855997083484,0.11192125410134889,0.14764855997083484,0.11811884797666788,0.1024425811155669,0.09821428571428571,0.0829535095715588,0.0005469462169553327
4050,0.06422947131608549,0.050056242969628795,0.06456692913385827,0.03813273340832396,0.03082114735658043,0.16377952755905512,0.7812025423252151,0.0011811687946453682
4062,0.15207745058491326,0.11698265429608713,0.14965711980637353,0.14885034288019364,0.10125050423557887,0.152327221438646,0.13435545692959452,0.006052047609441194
4069,0.12964213369345037,0.10229574611748818,0.12964213369345037,0.10567184334908845,0.10465901417960838,0.13931523022432113,0.043052507175417865,0.00016883336147222692
4091,0.036727998858935955,0.02517472543146484,0.036727998858935955,0.02003993724147768,0.021822849807445442,0.024457199900174694,0.06268720581942662,0.000713165026387106
4098,0.04670799486960239,0.03601966652415562,0.04649422830269346,0.035057716973065416,0.026613937580162464,0.08829031051253274,0.021805355138688472,0.0010688899577788466
4122,0.0565185987721199,0.01318165402672445,0.05669916937522571,0.054351751534850126,0.09209100758396534,0.04801010739102969,0.050198627663416394,0.00027085590465872155
4146,0.03569535253578371,0.01731754726983566,0.03569535253578371,0.07969605937444778,0.03277964304647464,0.03153988868274583,0.027434175649408022,0.00013253224951404843
4165,0.06235864297253635,0.04749596122778675,0.06235864297253635,0.12051696284329563,0.064297253634895,0.1638418079096045,0.07544426494345718,0.003715670436187399
4168,0.8553596195759857,0.8367346938775511,0.8553596195759857,0.03130572617396473,0.05696453338617,0.06692094313453537,0.0987220130770755,0.0009906875371507827
4173,0.10107126222636237,0.047741034000931534,0.10060549604098742,0.13064741499767116,0.08453656264555193,0.07171964140179299,0.1522068242692442,0.0
4181,0.059850374064837904,0.0353661301292224,0.05962366810247109,0.07367943776921333,0.07571979143051462,0.05154639175257732,0.06551802312400816,0.007708002720471548
4183,0.11258544431041416,0.09288299155609167,0.11258544431041416,0.12263771612384398,0.11901889827100925,0.1420534458509142,0.0711843957369797,0.0010054293183189222
4199,0.95955277869122,0.95955277869122,0.95955277869122,0.09996711608023677,0.03847418612298586,0.06904487917146145,0.07694837224597172,0.0004932587964485367
4201,0.0701077343624377,0.05032963498954816,0.07026853191831484,0.05065123010130246,0.05595754944524843,0.07484524479459764,0.11947258401672295,0.8686283968483679
4202,0.049314224071505625,0.03744798890429958,0.049314224071505625,0.06534134689474495,0.045923871166589615,0.059870550161812294,0.04353856823611004,0.00046235647684364647
4212,0.04212308305118502,0.02101175064728142,0.04212308305118502,0.06323441545508862,0.0438159729137622,0.03240418118466899,0.05103565026887074,9.958175662218681e-05
4258,0.0651552676700324,0.022004191274528483,0.06486949895218137,0.028862640502952945,0.02657649076014479,0.044,0.04720171469397476,9.526077637532746e-05
4272,0.05363013055320748,0.036723959800882874,0.053348361040668736,0.029679721987414295,0.023668639053254437,0.1012491781722551,0.05499459916404452,0.0001408913727516085
4282,0.031962424103562835,0.010654141367854279,0.031962424103562835,0.03173330278382403,0.04731355252606255,0.030473135525260625,0.015752090732042617,0.0011456065986940084
4286,0.05136358077534548,0.03852268558150911,0.051118992295462885,0.039011862541274304,0.06224776813012107,0.036371416345742404,0.06922277257995475,0.001284168042560998
4305,0.05845181674565561,0.0315955766192733,0.05833897540058677,0.03419092755585647,0.029902956443240803,0.08846761453396525,0.017264725795531483,5.642067253441661e-05
4311,0.10131961529859092,0.08432118094386043,0.10042496085886826,0.06978304629836725,0.08722880787295907,0.09311424100156494,0.005032994072251426,0.0004473772508667934
4316,0.10972833510396114,0.10077401730156321,0.10972833510396114,0.06586735468204584,0.04795871907724996,0.09187466808284653,0.037869014191394094,0.001669575775973287
4350,0.09504904250350303,0.05628211116300794,0.09458197104156936,0.09318075665576833,0.07169546940681924,0.056372549019607844,0.16291019502510803,0.0026859745416326053
4356,0.0526254781499942,0.04196128433986322,0.05239364784977397,0.037324678335458446,0.020053320969050655,0.05273833671399594,0.030197646786066193,0.0013331014895960123
4362,0.03460021513087128,0.010935819290068125,0.0380064539261384,0.05414126927214055,0.11509501613481535,0.05771643663739021,0.024829688060236645,8.963786303334529e-05
4367,0.04289649744195199,0.03318903318903319,0.04289649744195199,0.05509641873278237,0.03974813065722157,0.03856749311294766,0.02485897940443395,0.0004591368227731864
4382,0.06631511665068712,0.04697986577181208,0.06583573026526046,0.04825822946628316,0.029562160434643655,0.01901565995525727,0.04969638862256312,0.00023969319271332693
4383,0.07660934744268078,0.050595238095238096,0.0763888888888889,0.03968253968253968,0.03681657848324515,0.03896604938271605,0.010031417075456099,0.24549412996748057
4385,0.031134832888550006,0.014614309315033677,0.031007751937984496,0.045367899351887155,0.046257466005845724,0.1084926634059582,0.10217308425467023,0.0014614309315033676
4400,0.109717868338558,0.07787493812902162,0.109717868338558,0.0714403563768355,0.048836825606335586,0.04734411085450346,0.021285372494018646,0.0017325303192805873
4417,0.04645684131172258,0.02874104787033547,0.045891443648699584,0.029306445533358462,0.02431209950998869,0.07091029023746702,0.03943648699585375,0.001083678854127403
4435,0.10945685139233527,0.08574579542321478,0.10945685139233527,0.08574579542321478,0.07058174800110284,0.24686595949855353,0.0329473393989523,0.0030328094844223876
4449,0.07043913940465664,0.054229295608605954,0.07014441497200118,0.08871205422929561,0.03566165635131152,0.08144329896907217,0.09594694178334562,0.0002947678703021371
4464,0.058367861646550175,0.03602954422626554,0.058007566204287514,0.05782741848315619,0.05260313457034769,0.13619167717528374,0.12079992793442032,0.00036032789838753263
4490,0.11508520934146854,0.05049442457395329,0.11424363559856933,0.0782663580896276,0.0586997685672207,0.07142857142857142,0.061967385586533405,0.003051025775907417
4496,0.049134258000181306,0.03109418910343577,0.049134258000181306,0.04088477925845345,0.025473665125555253,0.03299492385786802,0.02447758487829201,0.0017224967136575857
4503,0.040429794208705155,0.01966854853396467,0.03951921325805864,0.09870697505008195,0.04862502276452377,0.09623964308476737,0.11182952372279392,0.0005463983243784719
4510,0.05000311740133425,0.02437807843381757,0.05729783652347403,0.020200760645925558,0.016709271151568054,0.0327296530656775,0.005486626348276077,0.001278134547041586
4522,0.10125192180979574,0.061058642653195695,0.10125192180979574,0.06676916318910608,0.06896551724137931,0.02843966179861645,0.09017023613399232,0.00010982976386600769
4549,0.03555604785112982,0.022707133362871067,0.03511298183429331,0.022817899867080195,0.03356225077536553,0.056976744186046514,0.013348103018554417,0.019717529770146774
4559,0.06481979558902635,0.05083378160301237,0.06481979558902635,0.08284023668639054,0.08284023668639054,0.0799623706491063,0.09280430396772024,0.0005379959650302623
4567,0.9725692558392178,0.9725692558392178,0.9725692558392178,0.08527973927213471,0.056762629005975014,0.010456273764258554,0.08868667662637512,0.005840010865136493
4609,0.03153900877400996,0.021026005849339974,0.03153900877400996,0.026875345822464626,0.01604616235870682,0.08630705394190871,0.025096830290095646,0.009683029009564461
4618,0.06714322185345928,0.029742149604288996,0.0666326270104672,0.054505999489405155,0.03663517998468215,0.04198302813756141,0.07014296655603779,0.0003191217768700536
4640,0.10866940352571842,0.06061337841101183,0.10891089108910891,0.09973436368027047,0.11108427915962328,0.07692307692307693,0.057118705470353824,0.0027774423378818984
4644,0.032597759742437456,0.019250117378764503,0.032664833322154405,0.022670869944328927,0.0264269904084781,0.01784037558685446,0.03749538853674079,0.001509206157561123
4657,0.07888220728687655,0.060841881853555005,0.07888220728687655,0.054120976299964624,0.04563141139016626,0.04764851485148515,0.024763420889714335,0.0
4662,0.09379310344827586,0.08310344827586207,0.09379310344827586,0.057413793103448275,0.07931034482758621,0.11526855763427882,0.11061298387792051,0.0018967152340719027
4666,0.03140888961784484,0.02386419550598655,0.03140888961784484,0.026324421846809908,0.026652452025586353,0.03214695752009185,0.019599803181892732,0.0007380679022470067
4673,0.10244922341696536,0.08870967741935484,0.10424133811230585,0.1027479091995221,0.08542413381123058,0.11912225705329153,0.032561613144137413,0.00044809559372666166
4678,0.06088897909478384,0.0533793383397605,0.06088897909478384,0.18307286381165008,0.03511264461132535,0.053267045454545456,0.0232392936878425,0.00020296326364927948
4682,0.9510913500404203,0.9510913500404203,0.9510913500404203,0.12166531932093776,0.08367016976556184,0.06506364922206506,0.20311236863379142,0.0004042037186742118
4684,0.06006400262574875,0.02067777139574957,0.06006400262574875,0.023467629441207845,0.023385574792812013,0.035898908673176334,0.020636744071551652,0.0008205464839583163
4694,0.0558364228738344,0.027749691045949893,0.055611729019211326,0.03550162903044602,0.033142343556903715,0.03853716083366103,0.0944890736475479,0.0023594180102241447
4705,0.136431784107946,0.11169415292353824,0.136431784107946,0.11319340329835083,0.10344827586206896,0.12844036697247707,0.30477975632614807,0.00018744142455482662
4713,0.03929594760540319,0.02142174921544549,0.039159503342884434,0.09032610178741984,0.04284349843089098,0.06924546322827126,0.07108746077227453,0.002046663937781416
4714,0.05690358599957054,0.020828859780974877,0.05690358599957054,0.0631307708825424,0.1050032209576981,0.054094665664913597,0.03897358814687567,0.00042946102641185313
4718,0.08100847282496383,0.06261624302541847,0.08100847282496383,0.06550940276916718,0.06034304608390163,0.05061460592913955,0.07295649478144053,0.0019634184147979744
4729,0.043135120424547556,0.02952782691522656,0.04558443325622534,0.04109402639814941,0.038236494761192,0.0880952380952381,0.7973736136626522,0.00020412329046744235
4745,0.05318574514038877,0.0384719222462203,0.05305075593952484,0.04117170626349892,0.03860691144708423,0.05951818611242324,0.020317246034424568,6.749915626054674e-05
4749,0.05183635518363552,0.026809236014256936,0.051681388501472185,0.05160390516039052,0.026499302649930265,0.05721258134490238,0.04339235209794274,0.0008136066018364263
4755,0.0595088161209068,0.01952141057934509,0.05919395465994962,0.10107052896725441,0.07745591939546599,0.10462555066079295,0.108171941426547,0.000629822075263738
4767,0.09257518796992481,0.07072368421052631,0.09257518796992481,0.0805921052631579,0.0756578947368421,0.09868421052631579,0.12523496240601503,0.043468045112781954
4769,0.07635087719298246,0.026526315789473683,0.07663157894736843,0.0456140350877193,0.024421052631578948,0.08497053045186641,0.06821052631578947,0.001543859649122807
4789,0.04329339002705837,0.025318902203324313,0.04271356783919598,0.07131812910707383,0.11267877850792424,0.043272481406355645,0.10988692374601333,0.00028993911278631486
4791,0.11538461538461539,0.09819967266775777,0.11538461538461539,0.19353518821603927,0.13134206219312602,0.12160228898426323,0.09228565582156742,0.0004092490280335584
4794,0.04358208955223881,0.02343283582089552,0.04358208955223881,0.04164179104477612,0.046417910447761196,0.10130548302872062,0.10694029850746269,0.00029850746268656717
4803,0.09459896507115136,0.032988357050452784,0.09427554980595083,0.06727037516170763,0.04915912031047866,0.04867006225240521,0.08765262391849277,0.00016172070833670252
4818,0.10989010989010989,0.08180708180708181,0.10989010989010989,0.08034188034188035,0.07716727716727717,0.05982905982905983,0.12748809378434486,0.00012211503236048357
4825,0.041684572410829394,0.02750322303394929,0.04211431027073485,0.07799742157284056,0.06403094112591319,0.13609022556390976,0.7955302460513592,0.010852046846459655
4851,0.039180834621329215,0.027897990726429674,0.039180834621329215,0.0285935085007728,0.02465224111282844,0.07733910221741482,0.2071870170015456,0.16649922720247295
4858,0.06944667201283079,0.048115477145148355,0.06944667201283079,0.057578187650360865,0.0243785084202085,0.05443322109988777,0.04771451483560545,0.7451483560545309
4872,0.07571119913575801,0.02484695714800144,0.07571119913575801,0.12099387828592006,0.02484695714800144,0.06080655324511657,0.005311487216420598,0.0012153402952826793
4880,0.05791759905225747,0.049888113729103595,0.05791759905225747,0.03988416480189549,0.026721074108200606,0.13956701980654077,0.7818875872054758,0.010727918915361326
4897,0.07207207207207207,0.05536445536445536,0.07158067158067158,0.05192465192465193,0.049303849303849304,0.08481375358166189,0.04398034398034398,8.19000819000819e-05
4936,0.14278256329939965,0.13338553902375358,0.14278256329939965,0.6128948055338032,0.1892456277734273,0.20182648401826483,0.07975460122699386,0.05077666101031197
4941,0.10596682347115623,0.06783857390443179,0.10522406536271355,0.07452339688041594,0.06783857390443179,0.10051993067590988,0.09533242540547233,0.0001238083446824316
4974,0.022485525784300527,0.013060455096270365,0.022216238050356805,0.06543691934832369,0.21085229567793187,0.10650329877474081,0.020332592742206963,0.0004039587962027873
4987,0.04770884405053743,0.031208749764284366,0.04761455779747313,0.030831604752027154,0.026494437111069205,0.10260640052787859,0.020884405053743164,0.0009428625306430323
4995,0.039753131239789435,0.02514067888909058,0.03957161009257579,0.023960791432201853,0.03703031403158468,0.027636594663278273,0.05019059720457433,9.07605736068252e-05
5008,0.04828256642903435,0.02268308489954634,0.04795852235904083,0.06950745301360985,0.04957874270900842,0.030612244897959183,0.12143551523007129,0.0016202203499675956
5023,0.9430752453653217,0.9430752453653217,0.9430752453653217,0.06564885496183206,0.037295528898582335,0.14427480916030536,0.09487459105779716,0.0003271537622682661
5031,0.06448887637285272,0.000281610813855252,0.06448887637285272,0.09546606589693044,0.07800619543790481,0.20985221674876847,0.210111251936347,0.0004224757076468103
5035,0.08838749741254398,0.034257917615400535,0.08818050093148416,0.032601945766921964,0.028358517905195613,0.05758783049619703,0.01148830469882012,0.00010349824052991099
5045,0.09036027263875365,0.062317429406037,0.09016553067185978,0.06134371957156767,0.023758519961051605,0.09332425068119891,0.0249269717624148,0.00019474196689386563
5084,0.07269527548395831,0.05848111547312847,0.07255990253147421,0.02761608230675511,0.02098280763503452,0.1733775461866414,0.08522304203614703,0.00020307317403371014
5111,0.062012554688986116,0.04013696024348488,0.06182233212859045,0.0749476887958912,0.0559254327563249,0.0525965379494008,0.040802739204869695,0.002092448164352292
5135,0.03913079676962784,0.022063108816917826,0.03913079676962784,0.02506036133544251,0.024727333277828657,0.025932400932400932,0.01723420198151694,0.0008741986512363667
5137,0.05980922918277907,0.027068832173240527,0.05980922918277907,0.026725100971040645,0.018389619317693565,0.046917293233082705,0.024405963992609463,0.00012890473939758518
5140,0.06992845603507962,0.05065774290330025,0.06958227555965843,0.03496422801753981,0.016501269328409878,0.05088852988691438,0.02284791137779829,0.00011539349180706209
5142,0.04458314757021846,0.022886015752712142,0.04443453707831773,0.04190815871600535,0.04502897904592064,0.053562142485699425,0.034254718383117846,0.0001486104919007282
5150,0.08033664881407804,0.05547054322876817,0.08033664881407804,0.07536342769701607,0.05298393267023718,0.05421686746987952,0.0965088474414156,0.0001912960306073649
5165,0.9836709059506987,0.9836709059506987,0.9836709059506987,0.04883027162819909,0.01428795729313864,0.13681318681318683,0.04262835609985869,0.0013345894174909719
5179,0.1339378238341969,0.07849740932642488,0.1339378238341969,0.08678756476683938,0.07383419689119171,0.09338168631006347,0.13873056994818653,0.00012953367875647668
5180,0.03617716668545024,0.017356023892708215,0.03617716668545024,0.14752620308801984,0.035500957962357714,0.03430599369085174,0.038656598670122846,0.0015778203538825651
5182,0.03154792858381002,0.0015600624024961,0.03154792858381002,0.053562142485699425,0.04957531634598717,0.09035779260157671,0.0641358987692841,0.001733402669440111
5185,0.12880710659898478,0.10501269035532995,0.12880710659898478,0.09803299492385786,0.09612944162436549,0.09988901220865705,0.11089957163255593,0.0031730921783277802
5192,0.05098919029165817,0.028757903324495206,0.05098919029165817,0.06465429328982256,0.08137874770548643,0.10778015703069237,0.051708312085670574,0.000407955124936257
5194,0.044730470243405124,0.012998598190391232,0.04422072129476233,0.04485790748056582,0.02867337836115713,0.11909009812667261,0.17396291340087938,0.0024214617982539987
5209,0.0869316557048899,0.057763797540749215,0.0869316557048899,0.07663711752931084,0.1524163568773234,0.0960960960960961,0.005148005148005148,0.000715000715000715
5222,0.05658186424575108,0.03219676976670537,0.05658186424575108,0.0320912065871424,0.03356909110102396,0.05615072035463613,0.016468725257323832,5.278437582475587e-05
5224,0.043514150943396224,0.033962264150943396,0.04339622641509434,0.07275943396226416,0.044929245283018865,0.0540652084193149,0.03266702046111209,0.0029482870452267234
5229,0.06216601353758461,0.054150338439615246,0.06216601353758461,0.05432846455290346,0.03669397933737086,0.05112219451371571,0.03375489846811543,0.00026718916993231207
5251,0.028030489304155397,0.00799114826653553,0.027784607819031228,0.03663634128350135,0.039586919104991396,0.02710843373493976,0.008175559380378658,0.0011679370543398082
5274,0.07050691244239632,0.041781874039938556,0.07035330261136713,0.07311827956989247,0.07035330261136713,0.05268817204301075,0.18649665872954913,0.007450649051386435
5298,0.010997313633310947,0.00025184687709872396,0.010661517797179314,0.03450302216252518,0.026527871054398924,0.014688601645123384,0.051418737407656144,0.000167897918065816
5301,0.03335084033613445,0.008403361344537815,0.03308823529411765,0.0430672268907563,0.03939075630252101,0.1171875,0.27363445378151263,0.0003939075630252101
5309,0.10137672090112641,0.053996066511711065,0.101019131056678,0.05489004112283211,0.051135347756123724,0.03566958698372966,0.05122932498882432,8.94054537326777e-05
5311,0.03532717784022481,0.02007226013649137,0.03521247921087343,0.1480185811779549,0.02127659574468085,0.029104777197912483,0.0373057291965361,0.009003842404083272
5317,0.03994027622247107,0.029301978350130646,0.039660321015304215,0.029208659947741696,0.025195968645016796,0.05911169170476813,0.019223590892123926,0.0008865248226950354
5319,0.03836582330982995,0.026821512512097332,0.03836582330982995,0.022328217890225356,0.022397345499792616,0.0077406869859700045,0.006739941932807964,0.001970136872666943
5346,0.8020022246941045,0.799703374119392,0.8020022246941045,0.8034853540971449,0.8027437893956247,0.03919024137036076,0.020282546627609477,0.0015944232266676555
5348,0.13487179487179488,0.0841025641025641,0.13435897435897437,0.15435897435897436,0.11641025641025642,0.06272401433691756,0.25743589743589745,0.0007692307692307692
5366,0.08972809667673716,0.053474320241691846,0.08882175226586103,0.09184290030211481,0.06767371601208459,0.12473572938689217,0.17401812688821752,0.0036253776435045317
5379,0.1999680817108203,0.18097669964889881,0.1999680817108203,0.04931375678263645,0.04596233641876796,0.018983807928531545,0.04788125448886761,0.00023940627244433804
5407,0.9702265372168285,0.9692556634304207,0.9702265372168285,0.04983818770226537,0.06116504854368932,0.07870894677236694,0.04975728155339806,0.00186084142394822
5422,0.09585492227979274,0.0003700962250185048,0.09474463360473723,0.11139896373056994,0.10251665433012583,0.12564766839378239,0.0044411547002220575,0.0005551443375277572
5423,0.04871291700334757,0.03613067066835969,0.048597483550733005,0.03613067066835969,0.03185963292162069,0.03474747474747475,0.006349206349206349,0.0010966810966810967
5435,0.918918918918919,0.9159159159159159,0.918918918918919,0.15715715715715717,0.12962962962962962,0.1646234676007005,0.08811013767209011,0.005506883604505632
5436,0.04751215862326973,0.02880658436213992,0.04638982416760194,0.12719790497568276,0.11485222596333708,0.10078534031413612,0.04957904583723106,0.00018709073900841907
5442,0.17924227952881247,0.1371113233577417,0.18677703491457073,0.033110474371219355,0.03799214687466836,0.04715930189379874,0.02945078270098169,0.0010612894667020429
5453,0.10240202275600506,0.08596713021491782,0.10240202275600506,0.09544879898862199,0.060998735777496836,0.07300884955752213,0.04820610083767979,0.000158052789631737
5486,0.1297834470483536,0.09641056066449125,0.12993177098783742,0.057104716701275586,0.055176505487985764,0.1925272444213804,0.02736576683476713,0.00022248590922574905
5501,0.13222821896684656,0.1164225134926754,0.13222821896684656,0.1164225134926754,0.1676946800308404,0.15902964959568733,0.10717039321511179,0.00038550501156515033
5508,0.01489133351220821,0.0008049369466058492,0.01489133351220821,0.040783471961363026,0.03622216259726321,0.03051643192488263,0.0043603676125310254,0.00033541289327161737
5519,0.05636092670369869,0.04132231404958678,0.05636092670369869,0.04132231404958678,0.022083728492074246,0.02939781887150308,0.013007248831379988,6.774608766343743e-05
5528,0.953907284768212,0.953907284768212,0.953907284768212,0.08,0.07496688741721855,0.09082483781278962,0.0847682119205298,0.0
5546,0.1276047763989698,0.10184968391477406,0.127370639194568,0.11098103488644345,0.09997658627955983,0.09009009009009009,0.1023299379463763,0.00023416461772626156
5562,0.0999592003263974,0.039575683394532844,0.09955120359037127,0.14851081191350468,0.13667890656874745,0.10841654778887304,0.04834761321909425,0.0006119951040391676
5574,0.05688969857568731,0.02302086783703213,0.05688969857568731,0.025256707519046042,0.03188141768797615,0.04665314401622718,0.02720384249099416,8.281230590865803e-05
5616,0.027643064985451018,0.0158422243776269,0.027319754283866796,0.056417717426446815,0.04784998383446492,0.05938914027149321,0.05011315874555448,0.00048496605237633366
5618,0.03433098591549296,0.024727912932138284,0.034250960307298337,0.02496798975672215,0.021606914212548015,0.06860823298795855,0.05161651728553137,0.0007602432778489117
5621,0.032560706401766004,0.019946389151687165,0.032560706401766004,0.022153894670450962,0.02467675812046673,0.035044150110375274,0.014506464837590665,0.0007489750867234311
5624,0.03882644869362137,0.03269595679462852,0.03882644869362137,0.06758137498175448,0.05707196029776675,0.0755873340143003,0.013428696540651,0.0023354254853306085
5628,0.9275401069518716,0.9275401069518716,0.9275401069518716,0.08101604278074866,0.08181818181818182,0.05706267539756782,0.0873111378526541,0.00040112314480545525
5642,0.06596216124083859,0.03068007499573888,0.06562127151866372,0.06101926026930288,0.08641554457133117,0.06440071556350627,0.0766214949288332,0.00025568908207619537
5669,0.4109980564765062,0.39224877100720246,0.41065508174231163,0.4203726992111581,0.41282725505887735,0.0596,0.040299531267863266,0.013033039899394078
5680,0.047619047619047616,0.031079607415485277,0.047619047619047616,0.06997455470737914,0.05707015630679753,0.047073791348600506,0.07824427480916031,0.0021810250817884407
5682,0.041908006814310055,0.028733674048835887,0.04179443498012493,0.031913685406019306,0.035661555934128335,0.04451510333863275,0.04077228847245883,0.00011357183418512209
5684,0.041090738128819936,0.02773859896567936,0.041090738128819936,0.025105782792665725,0.02134461683121768,0.09608423823626193,0.08692994828396804,0.08048895157498824
5687,0.10585661393470212,0.07752720744979244,0.10585661393470212,0.018007404914170314,0.02765623246942668,0.02846486062033765,0.01904521485470661,0.0010097610232245036
5697,0.958295001533272,0.958295001533272,0.958295001533272,0.09260962894817541,0.08310334253296535,0.05793991416309013,0.10059806778101518,0.0
5724,0.039271183442419956,0.023350433398195647,0.03935963205377675,0.028303555634176542,0.028303555634176542,0.01887960383782111,0.03719428596700721,0.0009729777541904383
5729,0.055100521221146684,0.026061057334326135,0.055100521221146684,0.0289463886820551,0.02727103499627699,0.007817589576547232,0.009121370067014148,0.00097728965003723
5772,0.04619638521715673,0.024008632317237658,0.04619638521715673,0.032236309684380904,0.028459670892905315,0.05404767524191645,0.03355252065418985,0.00013488450514247176
5777,0.04990446217826234,0.03765314150837361,0.04990446217826234,0.03619197482297404,0.04361020568731033,0.07513768686073957,0.03518237509132805,0.0011240375428539313
5809,0.026623538193580494,0.012772663183213072,0.026457659450941362,0.014680268723563076,0.00953802770175002,0.021480406386066762,0.01239995023431344,0.0008294281093186248
5816,0.03824691932108812,0.02499418739827947,0.03824691932108812,0.05080213903743316,0.02069286212508719,0.04434499593165175,0.03946756568239944,0.0011625203441060219
5827,0.03704725767506037,0.013590893411521214,0.03690927906174543,0.1891686788547775,0.018627112797516384,0.028005794302269436,0.0202835558315223,0.0033116009520852735
5829,0.04132344865458539,0.02045579352004393,0.04118616144975288,0.0700164744645799,0.06301482701812192,0.15185007208073042,0.04112034049564083,0.0035010640488776002
5834,0.07650058846606513,0.05100039231071008,0.07610827775598274,0.05904276186739898,0.06355433503334641,0.060398078242964996,0.06551588858375834,0.00039231071008238524
5837,0.1091867469879518,0.0730421686746988,0.10632530120481928,0.02447289156626506,0.018674698795180723,0.04242424242424243,0.023155992318987913,0.0014684287812041115
5855,0.9661866803805605,0.9654152738493186,0.9661866803805605,0.15286706094111596,0.025584983286191822,0.07557354925775979,0.7757634201221473,0.007714561234329798
5859,0.04164839982463832,0.026567295046032443,0.04164839982463832,0.026567295046032443,0.021744848750548006,0.08039275851488187,0.03011836913634371,0.0
5912,0.055107109593294006,0.017385904998447686,0.05479664700403601,0.058366966780502946,0.08040981061782056,0.066811515480717,0.034150884818379384,0.000388078236572493
5914,0.0703802149543511,0.03594129203744366,0.07026464809892523,0.03628799260372125,0.03975499826649717,0.055802668823291546,0.7718000577867669,0.00011557353366079168
5934,0.06202698256005265,0.022540309312273774,0.06202698256005265,0.05807831523527476,0.04508061862454755,0.07023603914795624,0.09846989141164857,0.0003290556103981573
5938,0.06813545491636067,0.04814361485108119,0.06813545491636067,0.11995104039167687,0.0416156670746634,0.041884816753926704,0.10241414484869092,0.0002720163209792588
5951,0.15700072797864595,0.12909487988352342,0.1572433875272992,0.09560786216937636,0.0718272264013589,0.07724957555178268,0.18444363548113094,0.002669578934595316
5961,0.05226154206702601,0.018982891961565503,0.05226154206702601,0.10311694398875088,0.05999531286618233,0.06562756357670221,0.1054728700339857,0.0004687683112621587
5976,0.027450090744101634,0.003516333938294011,0.027109800362976406,0.034482758620689655,0.02586206896551724,0.03850734418420008,0.06522232304900182,0.00022686025408348456
5986,0.07225572979493365,0.03618817852834741,0.0721351025331725,0.03618817852834741,0.07949336550060314,0.06331785563528915,0.017913148371531965,0.00024125452352231604
5989,0.09132256134051467,0.0725314183123878,0.09084380610412926,0.03734290843806104,0.026690604428485937,0.08207705192629816,0.7925194494314781,0.0011968880909634949
6000,0.03336065573770492,0.025901639344262296,0.03336065573770492,0.025491803278688524,0.023688524590163934,0.039873780837636257,0.7593852459016394,0.0009016393442622951
6015,0.14893094126320963,0.07249938559842713,0.14745637748832638,0.0788891619562546,0.07495699188989924,0.07996560619088564,0.03293192430572622,0.0034406488080609486
6020,0.03690171720862258,0.02868103763244428,0.03690171720862258,0.03872853489221776,0.025301424917793205,0.06873401534526855,0.01456953642384106,0.0010961406713861613
6037,0.05071974808816914,0.014619883040935672,0.05026990553306343,0.03520017993702204,0.033513270355375616,0.06611570247933884,0.06978182636077374,0.11009896536212326
6042,0.10518800571156592,0.07210851975249881,0.10447405997144217,0.07210851975249881,0.06758686339838173,0.14571190674437967,0.021418372203712517,0.00047596382674916705
6090,0.9883328216149831,0.9881281342748951,0.9881281342748951,0.032545287073994476,0.021901545389417666,0.0666189111747851,0.7786193132388312,0.002046978148508265
6114,0.058539753223861214,0.028481306243621857,0.0584469802393543,0.028574079228128768,0.024399294925317748,0.04967532467532468,0.02978150948647771,9.277728811986825e-05
6126,0.041849994883863706,0.0341757904430574,0.041440703980354036,0.03233398137726389,0.026399263276373684,0.05764411027568922,0.020822674716054437,5.116136293870869e-05
6127,0.024316546762589927,0.00014388489208633093,0.024172661870503598,0.042589928057553954,0.044172661870503595,0.017623363544813697,0.006115107913669065,0.00014388489208633093
6131,0.129560915275201,0.11595547309833024,0.12894248608534323,0.09987631416202845,0.036487322201607914,0.13203463203463203,0.11162646876932591,0.00030921459492888067
6180,0.03014318010550113,0.00037678975131876413,0.029766390354182368,0.11567445365486059,0.12094951017332328,0.06851119894598155,0.02581496137177313,0.0003768607499528924
6195,0.06552937990793394,0.040888166802057944,0.06552937990793394,0.04224207961007311,0.042377470890874624,0.06821411653244908,0.006296120777198565,0.0016925055852684313
6204,0.1690975387420237,0.1608933454876937,0.1690975387420237,0.13719234275296263,0.12351868732907931,0.10685805422647528,0.17369500797811716,0.00045589240939138365
6210,0.11531667928337118,0.0638405248549079,0.11582134746404239,0.08856926570779712,0.14408276558163008,0.05030891438658429,0.07684542586750788,0.0026498422712933753
6220,0.11386138613861387,0.07914827627341048,0.11386138613861387,0.01920553501133246,0.02499105332219969,0.02588186182425381,0.017923712385553667,0.0010736333542095374
6234,0.9286065977351059,0.9286065977351059,0.9286065977351059,0.14967996061053668,0.09354997538158542,0.24612736660929432,0.08173313638601674,0.0017232890201870998
6235,0.031207065750736014,0.006280667320902846,0.031207065750736014,0.020608439646712464,0.07674190382728165,0.07211538461538461,0.07144960251251349,9.814505839630975e-05
6241,0.03249759762383157,0.0074255263387787195,0.03241023849043417,0.02804228182056434,0.034332139425176905,0.055029043106083766,0.7699834017646545,0.000873591333973967
6254,0.021238938053097345,0.0017699115044247787,0.02091713596138375,0.0500402252614642,0.04473049074818986,0.02421171171171171,0.006355591311343524,0.0018503620273531778
6259,0.07154498044328553,0.04807692307692308,0.07121903520208606,0.056877444589309,0.046284224250325946,0.13397947548460662,0.03047588005215124,0.0002444589308996089
6292,0.020498544856383652,0.0058205744653928885,0.02024547640136657,0.03517651524737442,0.036441857522459827,0.01904340124003543,0.0835178740904777,0.07092692186017083
6295,0.05924470026674154,0.030043520988347606,0.05924470026674154,0.046749964902428755,0.040432402077776215,0.03832923832923833,0.07223587223587223,0.0014742014742014742
6296,0.052601100279895764,0.026831386931763342,0.05231155293890551,0.030112923462986198,0.04767879548306148,0.0651806822019588,0.047775311263391566,0.0009651578033008397
6324,0.059724828017510945,0.02954971857410882,0.05956848030018762,0.06269543464665416,0.05112570356472795,0.09737417943107221,0.04268626377921977,0.0017199593464154483
6330,0.09359916054564534,0.06358866736621197,0.09275970619097587,0.06358866736621197,0.06400839454354669,0.06387665198237885,0.005561385099685205,0.0002098635886673662
6351,0.09132153736470283,0.07058137273964613,0.09132153736470283,0.019638343379350574,0.019703156393803874,0.05760943524608755,0.022846587594789032,0.00012962602890660444
6354,0.9375212224108659,0.9375212224108659,0.9375212224108659,0.10220713073005093,0.0730050933786078,0.11757719714964371,0.23076923076923078,0.00016980811682798438
6357,0.05089665180885249,0.019073287032238,0.050689333471545556,0.033274593137763035,0.0187623095262776,0.012694958287994197,0.036332538613040324,0.0001036591686534674
6368,0.03885982705241806,0.02679619942350806,0.03864631151916302,0.03501654745382726,0.01836233585993381,0.022413149047441166,0.03304329258527732,0.0013345433192761436
6373,0.0478442280945758,0.028650904033379693,0.04728789986091794,0.09123783031988873,0.09318497913769123,0.06718597857838364,0.1506468215328975,0.0005564056196967589
